storm,model,pos_brier,pos_logloss,pos_auc,unh_brier,unh_logloss,unh_auc,des_brier,des_logloss,des_auc
Beryl 2024,hurricanevuln,0.23622111642643975,0.6620457779884826,0.6114483920244231,0.23583529019412403,0.6610719371822593,0.6133060895107035,0.0024763215732485945,0.015016488790503416,0.876886215538847
Beryl 2024,gbm,0.24425737138801465,0.6795757587208598,0.5897849472851667,,,,,,
Beryl 2024,wind_only,0.26785335751895534,0.7301402966815004,0.49404366768112995,,,,,,
Delta 2020,hurricanevuln,0.22061031529595995,0.6189813228873288,0.6346626152121269,0.22426069011875122,0.6262605325617953,0.6335099360554624,0.005685675477341459,0.034149558417026465,0.8076288258396532
Delta 2020,gbm,0.2336208630550395,0.6465243816123848,0.6280563147480098,,,,,,
Delta 2020,wind_only,0.20215385951098352,0.5960694397800803,0.4938351756918827,,,,,,
Fiona 2022,hurricanevuln,0.2239080840460132,0.6373099938345554,0.6425154934458648,0.22012711934590776,0.6299720758951024,0.6413694148881897,0.0004522356182502787,0.004161535266049307,0.6409967818851816
Fiona 2022,gbm,0.20731705027761105,0.5985531389394315,0.6380970804427154,,,,,,
Fiona 2022,wind_only,0.3318246864017096,0.861124100107342,0.5208228771408743,,,,,,
Florence 2018,hurricanevuln,0.14184335850505012,0.4362408096607736,0.7061117369424389,0.1620287465965286,0.4990916780693473,0.8170420096574689,0.0022121316315975147,0.015319360780177795,0.7328750800412038
Florence 2018,gbm,0.1325230517992449,0.41417129125978297,0.6974094807944166,,,,,,
Florence 2018,wind_only,0.19853451626031274,0.5890270883617131,0.5269991854174573,,,,,,
Francine 2024,hurricanevuln,0.2324664020614875,0.6586897209152103,0.6466618946024215,0.23231161893660926,0.6587842082734355,0.6464604435256553,0.0007334738378097128,0.006701895757609859,0.7632899752055107
Francine 2024,gbm,0.2307287509559082,0.651357921076286,0.6423669367822529,,,,,,
Francine 2024,wind_only,0.2585593932484101,0.7109684142041481,0.5074593514125944,,,,,,
Harvey 2017,hurricanevuln,0.14763031257418496,0.43120729042482425,0.8627697706126976,0.1158139323548417,0.3878587763670153,0.9124436245872487,0.0026642770145518797,0.01311075019707351,0.927035911998318
Harvey 2017,gbm,0.1400728007130149,0.4147004765526079,0.8576539841887759,,,,,,
Harvey 2017,wind_only,0.23761345849256627,0.6675153999455887,0.5291518935326226,,,,,,
Helene 2024,hurricanevuln,0.18165227837340908,0.5262551102424128,0.7819516138942864,0.18212083743057858,0.5276933036297663,0.780557610334761,0.003889289507410553,0.022575790090713924,0.8400374462123976
Helene 2024,gbm,0.18573082123199014,0.5373283752415294,0.7683176026265125,,,,,,
Helene 2024,wind_only,0.24694594020365662,0.6872841283407487,0.42346615728735115,,,,,,
Ian 2022,hurricanevuln,0.18329853672002905,0.5322036077000261,0.8550339605742909,0.18326618178373488,0.5320649967926342,0.8577344281988548,0.023026707265477057,0.11532369167181823,0.6637773476260609
Ian 2022,gbm,0.1800602790925043,0.5309414829570729,0.8534092387728258,,,,,,
Ian 2022,wind_only,0.24819743031795052,0.6891883956584403,0.6641749123317053,,,,,,
Ida 2021,hurricanevuln,0.2227621400440419,0.63415893835228,0.6838061413867216,0.22255274894280364,0.6335914023394087,0.6814174048852046,0.008009655910764305,0.037311302081319914,0.9310281359379233
Ida 2021,gbm,0.2264309634850878,0.640967698689039,0.6544249928436934,,,,,,
Ida 2021,wind_only,0.2457243078371725,0.6835676348524979,0.6401708857328448,,,,,,
Idalia 2023,hurricanevuln,0.2014485951758899,0.5836759695634132,0.7691094723019762,0.20539551622992172,0.5957845209719508,0.7666682477254978,0.0033017559764284975,0.0195074631206112,0.8417766682565699
Idalia 2023,gbm,0.19678114497423796,0.5713607036858954,0.773672949569129,,,,,,
Idalia 2023,wind_only,0.2600004782227118,0.713904878107834,0.48677902054916833,,,,,,
Irma 2017,hurricanevuln,0.2392174281770353,0.6637755896316763,0.6106712840620958,0.13040208425147137,0.43074474000152,0.6668701218062519,0.0008873293368437874,0.0062712010858327555,0.8763470456744402
Irma 2017,gbm,0.2641078604369062,0.7236928321630148,0.6154723422866468,,,,,,
Irma 2017,wind_only,0.25139034732401255,0.6961043147051827,0.5231435700412405,,,,,,
Laura 2020,hurricanevuln,0.1676701138330033,0.5133218936711507,0.631357807346868,0.16264227388736302,0.4998505686711898,0.6369473380172701,0.015510414992753544,0.07174449776810647,0.8202012590501244
Laura 2020,gbm,0.1837816854339756,0.5495860648427823,0.623416450920055,,,,,,
Laura 2020,wind_only,0.1600007280714236,0.5001924225936265,0.5815311371002931,,,,,,
Maria 2017,hurricanevuln,0.2911256443171881,0.8055475908206199,0.5996255386202767,0.2514594809735332,0.695768440087711,0.5883923842699295,0.007312359455137391,0.0452896545980605,0.5825214134086781
Maria 2017,gbm,0.30858654290095355,0.8789193742016856,0.5869989857382066,,,,,,
Maria 2017,wind_only,0.2996438066351349,0.829421227093619,0.5235707527286205,,,,,,
Matthew 2016,hurricanevuln,0.1588375120611363,0.4820567685374503,0.6626637326141149,0.19014139132023847,0.5655221739392429,0.7288129912819968,0.0015929394215110873,0.010864821640398608,0.8057164901342146
Matthew 2016,gbm,0.1477646684408086,0.45575729134213877,0.6542695388916238,,,,,,
Matthew 2016,wind_only,0.20292687018375835,0.5977224459591073,0.5297368498862634,,,,,,
Michael 2018,hurricanevuln,0.12795445712240375,0.42438682975751574,0.6237426577446565,0.2430680294077164,0.6774587687259239,0.6878895042708133,0.01728264121870099,0.0782953400783051,0.8242017533938879
Michael 2018,gbm,0.183537525428478,0.5528525437455286,0.45849180996658434,,,,,,
Michael 2018,wind_only,0.13124030724266914,0.4347002000033346,0.6031246806177597,,,,,,
Milton 2024,hurricanevuln,0.2113145929460322,0.5999011112743245,0.7348001196316702,0.21124177661193017,0.6001848510320593,0.7335456991603408,0.002554708914936202,0.01684301906649491,0.7626334407641446
Milton 2024,gbm,0.21178891683165985,0.5990997117613757,0.7296685308144862,,,,,,
Milton 2024,wind_only,0.26114577879851614,0.7171184859057721,0.5045947152083567,,,,,,
Nicole 2022,hurricanevuln,0.1902825699991174,0.5553464071515386,0.7791844628687478,0.18830965140967443,0.5513947400063803,0.7804386037605823,0.000936190471869401,0.007650691912032915,0.6740654205607477
Nicole 2022,gbm,0.1837356200131198,0.5419324416501957,0.7644236473141693,,,,,,
Nicole 2022,wind_only,0.26180863799455095,0.7172637483451793,0.48889525713767285,,,,,,
Sally 2020,hurricanevuln,0.1838149879773796,0.5362261103697872,0.6377009475853352,0.18396265008764073,0.5356974018185636,0.6443799914115731,0.0009916620152850592,0.008168499413176789,0.7822151047053459
Sally 2020,gbm,0.19222618143794412,0.554090459617646,0.6419839678227532,,,,,,
Sally 2020,wind_only,0.18920108969696345,0.5691140031929874,0.5090823487403304,,,,,,
Zeta 2020,hurricanevuln,0.23702991289816316,0.6610642007952201,0.5878510152681617,0.2404974846211766,0.6679542813044804,0.5864018528666013,0.002769947473039744,0.016900819074484888,0.8351018869248036
Zeta 2020,gbm,0.24869066597743056,0.6865234694154385,0.5836995971935748,,,,,,
Zeta 2020,wind_only,0.1941513123061148,0.5799307199927801,0.5175397982437127,,,,,,
