storm,model,n,crps,median_abs_err,cov80
Beryl 2024,climatology,20000,2132.553718120796,2862.4900495,0.98205
Beryl 2024,wind_only,20000,2140.602626254291,2866.153037902385,0.97185
Beryl 2024,gbm,20000,2028.8696108615145,2703.7105396267216,0.9096
Beryl 2024,hurricanevuln,20000,2009.0210977791023,2709.152167239152,0.9322
Delta 2020,climatology,11140,3539.397654043222,5182.049350987434,0.8840215439856374
Delta 2020,wind_only,11140,3696.1915598849946,5190.174318401079,0.8737881508078995
Delta 2020,gbm,11140,3284.8992289634143,4501.962479014897,0.8723518850987433
Delta 2020,hurricanevuln,11140,3274.404174671587,4631.49197798918,0.9076301615798923
Fiona 2022,climatology,20000,1459.1699939206724,1375.409271,0.99205
Fiona 2022,wind_only,20000,1297.10187593544,1336.5972527165607,0.99095
Fiona 2022,gbm,20000,1218.1388067304465,1097.1802232959,0.9832
Fiona 2022,hurricanevuln,20000,1229.4749079209873,1069.8149075890506,0.98175
Florence 2018,climatology,20000,2968.6471840996837,3436.0786695,0.9122
Florence 2018,wind_only,20000,2879.7216945053397,3433.21900985023,0.9065
Florence 2018,gbm,20000,2448.938645621134,3164.280707132797,0.7699
Florence 2018,hurricanevuln,20000,2362.376346102686,3185.403327654563,0.8063
Francine 2024,climatology,17914,2124.834062553427,2982.106752819024,0.9797923411856648
Francine 2024,wind_only,17914,2153.389830467473,2979.260692589978,0.974656693089204
Francine 2024,gbm,17914,1977.1226244921531,2612.0427905518786,0.956849391537345
Francine 2024,hurricanevuln,17914,2054.8079288436575,2734.1776011527973,0.9579100145137881
Harvey 2017,climatology,20000,5987.928539995658,7592.313977499999,0.72805
Harvey 2017,wind_only,20000,6314.149302339761,7678.0127886881855,0.6858
Harvey 2017,gbm,20000,3897.124860765092,5573.923893966837,0.8388
Harvey 2017,hurricanevuln,20000,4844.6841073368,6574.180197971946,0.67575
Helene 2024,climatology,20000,4305.556753930105,5829.2232015,0.83505
Helene 2024,wind_only,20000,4508.420919228959,5851.444872457891,0.7554
Helene 2024,gbm,20000,3123.541289225032,4094.706299798338,0.91535
Helene 2024,hurricanevuln,20000,3212.474999355711,3979.7872299069113,0.92445
Ian 2022,climatology,20000,8491.241368985286,10196.582433,0.78895
Ian 2022,wind_only,20000,7643.16855685837,9845.168745552177,0.8913
Ian 2022,gbm,20000,6654.6950091315775,8074.637312903095,0.9223
Ian 2022,hurricanevuln,20000,7003.2202184905855,8125.948610810021,0.9211
Ida 2021,climatology,20000,3380.3946557844365,4540.441712000001,0.9243
Ida 2021,wind_only,20000,3312.9505065458516,4443.678644952401,0.9203
Ida 2021,gbm,20000,3084.1737144451054,4105.3812581177535,0.92095
Ida 2021,hurricanevuln,20000,3062.3120280051935,4064.4624030398054,0.93885
Idalia 2023,climatology,20000,2397.2868056231973,3114.1124415,0.9682
Idalia 2023,wind_only,20000,2420.0694468515912,3120.6578271644157,0.96045
Idalia 2023,gbm,20000,1928.0076215411823,2344.9014544812117,0.96765
Idalia 2023,hurricanevuln,20000,2283.8621395047126,2418.216334048693,0.9587
Irma 2017,climatology,20000,1605.1804403487142,1483.207566,0.97145
Irma 2017,wind_only,20000,1333.613696889645,1257.2830756006076,0.97145
Irma 2017,gbm,20000,826.1998485735538,1073.0553181444982,0.9202
Irma 2017,hurricanevuln,20000,811.6458723079465,1084.7734648227868,0.9327
Laura 2020,climatology,20000,4618.6407392526025,6711.260856,0.81145
Laura 2020,wind_only,20000,4318.419929974496,6045.938965925144,0.93295
Laura 2020,gbm,20000,4135.5079296026315,5606.762979134714,0.9269
Laura 2020,hurricanevuln,20000,4116.544797803136,5372.036676141006,0.9625
Maria 2017,climatology,20000,2691.061744371801,2774.9786424999998,0.97415
Maria 2017,wind_only,20000,4084.3824510571494,4508.194561480849,0.9846
Maria 2017,gbm,20000,2788.301415269357,3269.4330377677466,0.8013
Maria 2017,hurricanevuln,20000,2694.3816859116264,3128.2780763017895,0.90225
Matthew 2016,climatology,20000,1945.1670249920492,2033.7670870000002,0.95795
Matthew 2016,wind_only,20000,1819.8474366746318,2044.0863989899863,0.94675
Matthew 2016,gbm,20000,1411.8147286797177,1840.990770229749,0.848
Matthew 2016,hurricanevuln,20000,1433.1702552634497,1876.6192254506893,0.8575
Michael 2018,climatology,20000,3520.9686078557625,4264.7554310000005,0.9297
Michael 2018,wind_only,20000,3558.5251323134244,4071.9990322677963,0.97075
Michael 2018,gbm,20000,3685.0494506912737,4308.1260550953,0.69605
Michael 2018,hurricanevuln,20000,3441.9710831028888,4089.0606240718753,0.75745
Milton 2024,climatology,20000,3081.955676504169,4242.9466215,0.9247
Milton 2024,wind_only,20000,3168.175336789049,4243.447510884886,0.8843
Milton 2024,gbm,20000,2490.6493293218946,3214.3260114010964,0.9491
Milton 2024,hurricanevuln,20000,2587.6741796679757,3297.7344321702576,0.95175
Nicole 2022,climatology,2142,2766.241885351402,3569.486666666666,0.9696545284780579
Nicole 2022,wind_only,2142,2772.902182337669,3564.8934101346927,0.9197012138188608
Nicole 2022,gbm,2142,2291.8709268432767,2535.839163485053,0.938375350140056
Nicole 2022,hurricanevuln,2142,2390.7354510622813,2765.061485525537,0.9523809523809523
Sally 2020,climatology,20000,3698.2794756455773,5488.9476655,0.88255
Sally 2020,wind_only,20000,3893.258661609344,5506.067318424345,0.87275
Sally 2020,gbm,20000,3030.1708090329053,4362.634492547113,0.94695
Sally 2020,hurricanevuln,20000,3088.0395253669126,4439.940869805764,0.94825
Zeta 2020,climatology,14296,2361.2708922286306,3614.514018606603,0.9604085058757694
Zeta 2020,wind_only,14296,2458.320700423398,3649.473574038068,0.9607582540570789
Zeta 2020,gbm,14296,2414.7594504319477,3541.2900449794283,0.9378847229994404
Zeta 2020,hurricanevuln,14296,2417.805826884548,3595.0044962000234,0.9578903189703414
