fold,scheme,model,n,any_brier,any_logloss,any_auc,any_share_err,des_brier,des_logloss,des_auc,des_share_err
12005,county,wind_only,67041,0.2520185654080537,0.7819401470608823,0.6878624101514179,0.2127231329104845,0.007933176354677265,0.045367323136241075,0.8351359719951319,0.004775957600939028
12005,county,class_curves,67041,0.2518531505465633,0.7824231862261105,0.6509187159591181,0.2136407944500799,0.00791943901676936,0.044627259545904484,0.8034160614469137,0.004406715348460903
12005,county,gbm,67041,0.2693510454381878,0.9724710984598787,0.5658751018710413,0.24642930615369096,0.007989426916807494,0.07741782010706755,0.6317118377780331,0.007660794162202325
12005,county,hurricanevuln,67041,0.2631838941458249,0.878485565569266,0.5721686175118774,0.2354831089056358,0.007934287599094933,0.04918430444008544,0.7356332691991923,0.0064473185260888344
12063,county,wind_only,18301,0.10001839616740887,0.35527953532799,0.5219542214239631,0.029977767465815874,0.0010926146006239638,0.01031004681201414,0.6555166566380395,0.0010137804138570627
12063,county,class_curves,18301,0.10046589419239405,0.3588844181195157,0.526929022540816,0.032754181622647385,0.0010927239329632061,0.011068876391710399,0.6018270335320826,0.0010345961548035164
12063,county,gbm,18301,0.10727602235870112,0.47147398762074433,0.44671185187228696,0.08703278053317563,0.0010927672935129224,0.00994193411479276,0.5904764509600131,0.0008748129893568577
12063,county,hurricanevuln,18301,0.10040354683489389,0.3557188932197721,0.551461785686802,0.030027999486519977,0.0011066973298638726,0.009144355183768627,0.7374952136097588,0.002062841033878453
13087,county,wind_only,11625,0.02915626470703026,0.14115334853112896,0.5390961647252301,0.029643757993921372,1.1333192634097371e-09,2.0539475534043628e-05,,2.053890882760159e-05
13087,county,class_curves,11625,0.02891022758550484,0.13812710199530562,0.5294974627082252,0.02376293711674868,6.704880327891416e-10,1.3431537081043163e-05,,1.343120180824116e-05
13087,county,gbm,11625,0.028626946017589708,0.13487365777917218,0.5408457446472922,0.014224234137683343,1.6675814969311992e-06,0.00048749254179371174,,0.00048665048018083225
13087,county,hurricanevuln,11625,0.028336767098697275,0.13241363724623867,0.5425937473055076,0.0035085562319234313,3.032815455375593e-07,0.0002458068301850582,,0.0002456549096045216
12133,county,wind_only,6293,0.013113979234478497,0.08783494957510017,0.4230789515320922,0.04253812771210441,0.00031779004346140416,0.003648011604521087,0.47242091877285014,0.0002883011262180972
12133,county,class_curves,6293,0.013769432935600021,0.09196515964037474,0.4366666506848987,0.046790951768364016,0.00031781037767730444,0.003836260474000983,0.5022254013670322,0.00028972656249048076
12133,county,gbm,6293,0.013192629861669343,0.08170740855217155,0.47255131346160306,0.030143685212170465,0.0003185853559930999,0.0032485528813127485,0.476831982196789,8.202739470903307e-05
12133,county,hurricanevuln,6293,0.01269422044591183,0.08026320818999869,0.43869953157437996,0.028707890478813065,0.00031911200909067963,0.003459040428020741,0.6254967413765697,1.341920140384594e-06
12045,county,wind_only,5995,0.3689631138632724,0.9406877605967219,0.45983810211737686,0.5173526398970032,0.049573818847996255,0.234388972768612,0.561177499578486,0.1820960357583898
12045,county,class_curves,5995,0.353781639633984,0.9090017514814018,0.4574909916823052,0.5008160422756376,0.044873102264288464,0.21888134428128805,0.5725135938290339,0.16928366324365243
12045,county,gbm,5995,0.191062287209174,0.5583997616636905,0.6292220285884095,0.27595211980354273,0.011398980839678304,0.06390469094753747,0.5989754573427752,0.0008546358004253487
12045,county,hurricanevuln,5995,0.3600896582428344,0.9243000387002329,0.4343481628127876,0.5048031583392003,0.20450410834736263,0.5947500691007813,0.6448006238408364,0.42706529042043945
13253,county,wind_only,5653,0.06428416658226246,0.2512179574814746,0.598206899635567,0.010571776831340786,0.001061375705449623,0.013043570090722871,0.366772917773449,0.0010303316035150552
13253,county,class_curves,5653,0.06454513008026165,0.25385438760525775,0.5784542164493579,0.014779889210450745,0.0010613770840801615,0.013335467799979616,0.47355528008972314,0.0010378074216654577
13253,county,gbm,5653,0.06613537897914215,0.2707362664084862,0.5761132027051066,0.024966801151061126,0.0010619693607280922,0.01119596407221045,0.3410955669677115,0.000797482340420499
13253,county,hurricanevuln,5653,0.06526330278740984,0.2659250792355547,0.5771137169358844,0.02793881376476793,0.0010619070259985926,0.011453621079947983,0.4329142317454696,0.0006628915747694001
12039,county,wind_only,5507,0.0345204778231547,0.17940292651028839,0.5358939551225744,0.09532623063873719,0.0001813028388475645,0.0015366228451381184,0.9967308390846349,0.00013786985020628148
12039,county,class_curves,5507,0.034597310048420135,0.1769817659168795,0.5606164657031063,0.0929186525553545,0.00018145563054858623,0.001578611447221427,0.9391572829640392,9.441175036743675e-05
12039,county,gbm,5507,0.030424609489523573,0.15253254860513019,0.4763847853283292,0.05691051128401005,0.00018578384253048477,0.0021511531394385044,0.9789320741009807,0.0011193047100152551
12039,county,hurricanevuln,5507,0.03564172534426414,0.1793399080364974,0.579954217572999,0.09540755330011381,0.00029977865270234335,0.009103142936333183,0.997638939338903,0.008318941788864732
12013,county,wind_only,4303,0.09343862113549219,0.3552302724847923,0.4072990012264266,0.18911827163060865,0.001645118222296629,0.014733065759226765,0.15802075019952116,0.002827919211409822
12013,county,class_curves,4303,0.09261985685964154,0.3486640034615473,0.46274288535458613,0.1818964731141948,0.001647550232115077,0.014828756705601274,0.1690609204575685,0.0026231539256587316
12013,county,gbm,4303,0.09969385070678922,0.35552340395942134,0.45739294236578854,0.16401561199362788,0.0016516471458060764,0.01378891019650408,0.43279462623038045,0.0011287535719277705
12013,county,hurricanevuln,4303,0.11998175353549703,0.4157473267519943,0.4841828198406821,0.24324816792406867,0.008484835103062277,0.08496771877937702,0.24324953445065178,0.07465708778113081
13205,county,wind_only,2559,0.0031519801798317224,0.023769539639033593,0.4286554292434339,0.005840766814199663,9.999999999999998e-13,1.000000500029089e-06,,1e-06
13205,county,class_curves,2559,0.003156452834444371,0.023794817068996207,0.46437671501372013,0.00583412768690976,9.999999999999998e-13,1.000000500029089e-06,,1e-06
13205,county,gbm,2559,0.0033768606328353967,0.02844711220212513,0.38570658565268523,0.010644926964705783,2.17431758715215e-07,0.0001554941112072328,,0.00015538511671938474
13205,county,hurricanevuln,2559,0.0031203610453463555,0.022270676755193647,0.5073010584084673,0.0019355262729246296,9.999999999999998e-13,1.000000500029089e-06,,1e-06
13201,county,wind_only,2056,0.02634593269210003,0.12240466103998324,0.6888839285714285,0.000557877244678328,3.4869242653442544e-12,1.6592199830775794e-06,,1.6592182396088603e-06
13201,county,class_curves,2056,0.026298263365847684,0.1211094809638236,0.6379196428571428,0.00014202005552825872,2.37103478722645e-12,1.3581684339242077e-06,,1.3581672483897973e-06
13201,county,gbm,2056,0.02652477693626312,0.12917091540806008,0.6959464285714285,0.0175505717386326,4.04164853473393e-07,0.0001960958443063994,,0.00019589224213842555
13201,county,hurricanevuln,2056,0.026703355447520005,0.1318943920583015,0.6888660714285715,0.018231656812613496,7.282113745396551e-11,6.015301202243348e-06,,6.0152647911859785e-06
12077,county,wind_only,1203,0.07450071625518888,0.3148045657957161,0.42026529108327193,0.23563242731057554,2.5711652528827364e-05,0.004989288915315902,,0.004976387334170794
12077,county,class_curves,1203,0.0767952282057823,0.31409433646326007,0.614075165806927,0.23455955451836658,3.115852799955566e-05,0.005148605192588468,,0.005132955402909793
12077,county,gbm,1203,0.08076720690445117,0.3139451939119409,0.6484524686809138,0.22990653536251865,2.9450232521305847e-05,0.003194304829674331,,0.003179389362258292
12077,county,hurricanevuln,1203,0.12961040038352475,0.4395002206774978,0.5716285924834192,0.3257538286205264,0.012218036952807506,0.11127916122254011,,0.10459266782979164
tiles-0,tiles,wind_only,20898,0.04888202324354168,0.20650318368216666,0.6758736175473747,0.07876221158648161,0.000390002998991491,0.004809213481398891,0.5605074198180948,0.0008733065984592491
tiles-0,tiles,class_curves,20898,0.04956337523365039,0.20735530966249077,0.6455731693115704,0.07566686781489149,0.0003906126322996326,0.0049047090865862696,0.5627333652465294,0.0008184300144633988
tiles-0,tiles,gbm,20898,0.05085349861293374,0.20023475209749175,0.6770010903753723,0.06374149638296275,0.00040295534848116627,0.004150872218528967,0.6690461943513643,0.001029981408613007
tiles-0,tiles,hurricanevuln,20898,0.04107106167506802,0.17618879583686106,0.7340603391275501,0.02028619277936332,0.00048522161085868767,0.006778149289950891,0.6185914313068454,0.0033932264870717072
tiles-1,tiles,wind_only,26439,0.07367324786192239,0.2777245110912979,0.7185242670017646,0.12452167639197378,0.000747493878017057,0.0072986627252736675,0.8355967022570618,0.003947418608046824
tiles-1,tiles,class_curves,26439,0.07236527306460386,0.2725353192146052,0.712975158775337,0.12030808056107561,0.0007332871847755598,0.006937205928659179,0.8528395729152589,0.0036278844021018553
tiles-1,tiles,gbm,26439,0.07225967210590417,0.26310026599714326,0.6895287706691828,0.1006451196324164,0.000546092697269332,0.004523340019836792,0.8795904852007028,0.0013142914257163428
tiles-1,tiles,hurricanevuln,26439,0.089396967890917,0.3109932037694727,0.7120834912534679,0.15576549042869392,0.0005625143901491604,0.00530441379218984,0.867749695904852,0.002174254097377353
tiles-2,tiles,wind_only,22845,0.18019742745391243,0.5302382722593862,0.6359226367460209,0.02949803585286473,0.00296242760856184,0.021005823093489893,0.7777932905181698,0.00769881953314552
tiles-2,tiles,class_curves,22845,0.17583290972513196,0.5187693978412601,0.6549852858210207,0.026639598063814107,0.0029443129881481147,0.020806139856851136,0.7685619689656548,0.0075320012355865745
tiles-2,tiles,gbm,22845,0.17706286807928834,0.5512373195588738,0.6741592333379077,0.0807141321228858,0.0027897197181032687,0.016911634618834336,0.8001336311779488,0.002479869294331336
tiles-2,tiles,hurricanevuln,22845,0.16025384626810557,0.4814822748593383,0.7246818535291158,0.038820835008830046,0.002598251490453362,0.016082127955247796,0.8174901272487933,0.0019193041574241069
tiles-3,tiles,wind_only,43091,0.25131472471711874,0.7226311303940428,0.6503432798264897,0.18797943326724498,0.010911288607521307,0.05970033597170326,0.8150703435193155,0.007672055224420927
tiles-3,tiles,class_curves,43091,0.24700659930764218,0.7133661197698079,0.6476063323675206,0.1822606426093971,0.010909600270275153,0.059653619852097044,0.8162797748455243,0.0076278044783572325
tiles-3,tiles,gbm,43091,0.2277307714347767,0.6731159700882681,0.6886018719953672,0.1509070895679901,0.010854595051313948,0.06920266374765278,0.7556783079300006,0.008970510868467844
tiles-3,tiles,hurricanevuln,43091,0.2147275253727063,0.6227506679869081,0.6853710367562107,0.10568186337636024,0.010722468613042409,0.05604328448516606,0.8213663571729292,0.007619956609699816
tiles-4,tiles,wind_only,17471,0.09741514963006645,0.32579315653480817,0.6870100561707193,0.06006601909664809,0.007616683761629373,0.04622402300139016,0.7919052822716479,0.018160677764519913
tiles-4,tiles,class_curves,17471,0.09572238987142681,0.3225776976341962,0.6919548755500495,0.054941318930207275,0.007563243177754639,0.04603446396678778,0.7948977342130272,0.017238048658854366
tiles-4,tiles,gbm,17471,0.08334531962542226,0.3134561922150344,0.6471850950889229,0.01675367755468446,0.0049674994845056875,0.029897366615220678,0.8255295417758752,0.0008158076579765387
tiles-4,tiles,hurricanevuln,17471,0.07900334395966374,0.29497686296050313,0.6865412717074899,0.008029451368695303,0.006048117005378764,0.03693493980777454,0.801840866328702,0.003699539554572753
