storm,n,obs_mean,pred_mean,lo80,hi80
Beryl 2024,20000,2832.5150995,3542.7401138014793,1460.606687402488,7306.58349367339
Delta 2020,11140,5536.846444344704,5399.441778760237,2682.66890453992,9922.624525034209
Fiona 2022,20000,958.4407690000002,4353.407184486391,2082.8536004619364,8075.1005157722875
Florence 2018,20000,3626.9550284999996,4931.573554528665,3283.912780825911,7219.61195308712
Francine 2024,17914,3001.2271145472814,5157.500793706364,2391.2069852964128,9680.803306891714
Harvey 2017,20000,7730.711238500001,3167.3141723055496,2033.1990113369986,4737.946836084415
Helene 2024,20000,5903.1318305,7848.377955157732,4568.832289209868,12862.033126277654
Ian 2022,20000,10253.465506999999,12020.241529572788,6859.398562110797,19679.583605774234
Ida 2021,20000,4601.773922,5698.651234680471,2643.1167759795576,10558.593197190345
Idalia 2023,20000,3075.5951295,7570.132538729642,4260.920032284356,12554.387373919071
Irma 2017,20000,1256.472293,1020.1565305756172,570.1063037000511,1677.655452006457
Laura 2020,20000,7085.745752,10191.136117983984,5264.643030678428,17294.52931466152
Maria 2017,20000,2613.7743075,3035.095032070408,1813.0269688226185,4692.386277873055
Matthew 2016,20000,2141.490551,2600.304703778606,1618.427489339372,4004.5736469234475
Michael 2018,20000,4559.490759,2071.223339807898,1212.1433433830298,3232.2036755092704
Milton 2024,20000,4267.7955815,6734.277148744315,3620.7046450564562,11544.307306126742
Nicole 2022,2142,3537.7951073762842,5920.717954545926,3203.932527972626,10327.888283712233
Sally 2020,20000,5874.695185500001,7374.009369971123,3975.6645754541696,12680.450849500337
Zeta 2020,14296,4021.0048244264135,4674.951227028087,2141.72961165394,8981.433870567376
