county,n,obs,pred,lo80,hi80
12005,67041,0.2977730045792873,0.06228989567365149,0.015678225783744216,0.12847253287080732
12063,18301,0.11103218403365936,0.08100418454713938,0.002588030785785232,0.23136262548231185
13087,11625,0.02898924731182796,0.03249780354375139,0.0011114654612038423,0.08257824480276836
12133,6293,0.010646750357540124,0.03935464083635319,0.0014002016828749426,0.10461730263227771
12045,5995,0.1049207673060884,0.6097239256452887,0.22727951743187624,0.9195786046922625
13253,5653,0.06916681408101893,0.041228000316251005,0.001544247210711428,0.10928818868768463
12039,5507,0.025422189940076268,0.12082974324019008,0.006577827356055255,0.3346814850896903
12013,4303,0.058563792702765516,0.3018119606268342,0.034220320891707394,0.698389952671198
13205,2559,0.0031262211801484957,0.001190694907223866,4.1791889223900704e-05,0.0025952166348156293
13201,2056,0.027237354085603113,0.009005697272989617,0.00035859153904242946,0.02083367643806694
12077,1203,0.019118869492934332,0.3448726981134607,0.06236883581444993,0.7143314008555117
