level,field,value,value_name,reference,beta_any,lo90,hi90,odds_ratio,beta_destroyed_given_damage,prior_sign,grade,n_level
construction=concrete,construction,concrete,Reinforced concrete,Wood frame,0.11528321158014998,-0.06641673361970625,0.20379536343428928,1.1221912101172298,0.2098061544186453,-1,contested,7499
construction=manufactured,construction,manufactured,Manufactured home,Wood frame,0.41624412166292685,0.1819420439140099,0.6256653182985386,1.5162559746232627,0.32290839880993494,1,supported,11339
construction=masonry,construction,masonry,Masonry,Wood frame,0.2948322035891207,0.06478786068044727,0.38698219396614936,1.3429010058111623,0.23858171416612392,0,supported,36996
construction=steel,construction,steel,Steel,Wood frame,-0.5517594275149077,-0.7396092248275506,-0.42470141576904674,0.575935601484532,0.03779559434064393,0,supported,6846
use=commercial,use,commercial,Commercial,Single-family,-0.9175783543071939,-1.3262421011487675,-0.5789900163393169,0.39948528247881354,1.925366276817822,0,supported,6307
use=condo,use,condo,Condominium,Single-family,-1.4800997634049304,-2.185642042698151,0.021826754015959814,0.22761497960570043,-0.4642228733530947,0,contested,134
use=industrial,use,industrial,Industrial,Single-family,-2.1190429880056625,-2.341293642727284,-1.6562699186087855,0.12014655520398217,1.0897480689126247,0,supported,1479
use=institutional,use,institutional,Institutional / government,Single-family,-0.3442225235037243,-2.0676862810807823,0.3483609085380955,0.7087711922511618,-0.055606723999971054,0,contested,5120
use=mobile_home,use,mobile_home,Mobile home,Single-family,-0.3621747374623318,-0.6574256246194327,-0.04022726916550902,0.6961607118569865,0.48798997259454796,1,contested,8931
use=multi_family,use,multi_family,Multi-family,Single-family,-0.013815471657024004,-0.27440153322421706,0.23597834195274583,0.9862795239984106,0.8149124343930878,0,contested,3558
use=other,use,other,Other,Single-family,-0.30833187177751586,-0.524371489617456,-0.05869463155508144,0.7346714608230545,1.6172185947647209,0,supported,13711
storeys=2,storeys,2,Two storeys,One storey,0.09515121408164279,0.023472925572289433,0.19265514326244113,1.0998251516028688,0.39183969679404623,0,supported,17688
storeys=3plus,storeys,3plus,Three or more,One storey,-0.0813516888604478,-0.34439427654570975,0.28338808929999176,0.9218694232202552,0.7646036168253612,0,contested,1900
era=1994_2001,era,1994_2001,1994–2001,1970–1993,0.12962868810366626,-0.15373461125860113,0.25855774598441106,1.138405601294867,-0.09840047445083815,-1,contested,13443
era=2002_2009,era,2002_2009,2002–2009 (FBC),1970–1993,0.16737398489608207,-0.21865447349797554,0.4013477478208758,1.182196306207625,-0.2546296327030663,-1,contested,11890
era=2010_2018,era,2010_2018,2010–2018 (FBC 2010),1970–1993,-0.2923374988826544,-0.8720629975485217,-0.006094131904407742,0.7465165449526006,0.4512752070596631,-1,supported,6024
era=pre1970,era,pre1970,Before 1970,1970–1993,0.0039349255723972265,-0.22124772108480847,0.3504278254862514,1.0039426775565192,0.20230755090503927,1,contested,25232
quality=high,quality,high,Above average,Average,-0.060553246882828496,-0.13730136473834995,0.10782259110869089,0.9412436493937483,-0.2726981260416494,-1,contested,12870
quality=low,quality,low,Below average,Average,0.21287066672701344,-0.05423255746067791,0.32440804996324346,1.2372246265851916,0.7400734738009885,1,contested,6083
foundation=basement,foundation,basement,Basement,Slab on grade,0.11839329402850061,0.01511646890778966,0.19497849816525373,1.1256867501948467,-0.2844118264294076,0,supported,9253
foundation=crawl,foundation,crawl,Crawlspace,Slab on grade,-0.007164485107786184,-0.047674405553041976,0.09690418488938153,0.9928611186332806,0.14415269048792037,0,contested,33885
foundation=pier,foundation,pier,Piers,Slab on grade,-0.04431211461717002,-0.16922769780668143,0.3030748620112926,0.9566553247612022,0.4545148892544542,0,contested,6837
foundation=pile,foundation,pile,Piles,Slab on grade,-0.14789061050721647,-0.34195374723347666,0.4261844391447617,0.8625254610044095,0.19838220560580738,0,contested,12458
foundation=solid_wall,foundation,solid_wall,Solid wall,Slab on grade,0.1416157882168268,-0.09801083707569773,0.5620116717376771,1.1521339000676627,-0.488172742594382,0,contested,2998
